{
    "best_model_name": "LightGBM",
    "r2_score": 0.9952299488689603,
    "metrics": {
        "MAE": 1.5454243142789899,
        "RMSE": 4.145177762593453,
        "R2": 0.9952299488689603
    },
    "timestamp": "20251028_182339"
}